"Outcome","Groom_MB","Bride_MB","Groom_Edu","Bride_Edu","Groom_Age","Bride_Age"
"Failure","ESFP","ESFP","College","HighSchool",28,25
"Success","INTP","ISTJ","HighSchool","HighSchool",37,35
"Failure","INTP","ENFJ","HighSchool","HighSchool",26,22
"Failure","ESFJ","ENTP","College","College",35,29
"Success","ISFP","ENFP","College","College",35,31
"Success","INTP","ENTP","HighSchool","HighSchool",36,34
"Failure","INFP","ESTP","HighSchool","HighSchool",26,24
"Failure","ISFP","ISFJ","College","HighSchool",28,24
"Failure","ESTP","ENFJ","College","College",29,25
"Success","ISFP","INTJ","HighSchool","College",33,30
"Success","ESFJ","ENTP","HighSchool","College",28,22
"Failure","ISTP","INFP","College","HighSchool",30,28
"Failure","ENTJ","ISTP","College","College",28,24
"Success","INTP","ISFJ","College","HighSchool",27,24
"Success","ISTJ","ENFP","College","HighSchool",26,24
"Success","ENFP","ENFP","HighSchool","HighSchool",35,33
"Failure","ENTJ","ENTP","HighSchool","College",29,26
"Success","ESTP","ESTJ","College","College",36,33
"Success","ESTJ","ESFJ","HighSchool","HighSchool",25,23
"Failure","ESTJ","ENTJ","College","HighSchool",32,28
"Success","INFJ","ISTJ","HighSchool","HighSchool",32,29
"Failure","ESTJ","INFJ","College","College",37,35
"Success","ISFJ","ESTJ","College","College",33,29
"Success","ESTP","ESFP","College","College",40,38
"Success","ESTP","ESFJ","HighSchool","HighSchool",26,24
"Failure","INTP","INTJ","HighSchool","College",29,26
"Failure","ISTJ","INFP","HighSchool","HighSchool",40,36
"Failure","ESTJ","ISFP","HighSchool","HighSchool",27,24
"Failure","ISFP","ISFJ","HighSchool","College",33,29
"Success","INFP","ISTP","College","College",36,33
"Success","ISTP","ENFP","College","HighSchool",34,31
"Success","ESTJ","ENFJ","College","College",37,34
"Failure","ENTP","ISFJ","College","College",32,29
"Success","INFJ","INFJ","College","College",27,21
"Failure","ENTJ","ISTJ","HighSchool","College",26,23
"Success","ENFP","ENTP","HighSchool","HighSchool",39,36
"Success","ENFJ","ISFJ","College","College",37,34
"Failure","INFP","ISTP","College","HighSchool",39,36
"Failure","INFJ","ISFP","College","HighSchool",31,28
"Failure","ISFP","ESFP","College","HighSchool",27,25
"Success","ENTJ","INFJ","HighSchool","HighSchool",32,27
"Success","ESFJ","ISTP","HighSchool","College",33,31
"Success","INFJ","ENTJ","College","College",25,23
"Failure","ENTP","ENTP","College","HighSchool",40,35
"Success","INFJ","ENTP","College","HighSchool",28,25
"Failure","ISFJ","INTJ","HighSchool","HighSchool",32,30
"Failure","ESFP","ESTP","HighSchool","College",25,22
"Failure","ENTP","INTJ","HighSchool","College",32,29
"Failure","ENFP","INFP","College","HighSchool",34,31
"Failure","ISTJ","ISTJ","HighSchool","College",27,23
"Success","ENTP","INTJ","College","College",36,31
"Success","INFP","ISFP","HighSchool","HighSchool",26,22
"Failure","ISFJ","ESFJ","HighSchool","College",36,31
"Success","INTJ","ENFJ","College","College",28,24
"Failure","INTP","INTJ","College","HighSchool",33,31
"Failure","ESTP","ESTP","HighSchool","College",32,29
"Success","ISTP","ISTJ","College","College",39,36
"Failure","INTJ","ISFP","HighSchool","HighSchool",36,30
"Success","ENTJ","ENFP","College","HighSchool",30,23
"Failure","ENFJ","INTJ","College","College",35,33
"Success","ESTJ","ISFJ","College","College",39,37
"Success","ENTP","ESTP","HighSchool","HighSchool",40,37
"Failure","ESTJ","ENTP","HighSchool","College",31,29
"Success","INFP","ISFJ","HighSchool","HighSchool",28,25
"Failure","ENFP","ENTJ","College","HighSchool",40,35
"Failure","ISFJ","ESFP","HighSchool","HighSchool",38,34
"Failure","INTJ","INTJ","College","HighSchool",39,36
"Success","INFJ","ISTP","HighSchool","College",37,34
"Success","ESTJ","ENTJ","College","College",40,37
"Failure","ESTJ","ENTJ","HighSchool","College",35,33
"Success","ESFJ","ESTP","HighSchool","HighSchool",28,25
"Failure","ESFJ","ESFJ","HighSchool","College",36,34
"Failure","ISTP","ENTP","HighSchool","College",30,26
"Failure","ENFP","ESTP","College","HighSchool",27,23
"Failure","ENTP","ESFJ","HighSchool","College",34,32
"Success","ISTJ","ENFJ","College","HighSchool",25,21
"Failure","INFJ","ENFP","College","HighSchool",31,29
"Failure","ENFP","ISFJ","HighSchool","HighSchool",29,26
"Failure","ESFP","ESTJ","College","HighSchool",39,35
"Failure","ENFJ","ENFP","College","HighSchool",27,23
"Success","INFP","ENFP","College","College",39,37
"Success","ISTJ","INTJ","College","College",34,31
"Failure","ENTJ","ENTJ","College","HighSchool",40,37
"Success","ESTP","ISFP","HighSchool","HighSchool",28,25
"Failure","ESFP","ISFP","College","HighSchool",28,24
"Success","ISTP","INFJ","College","HighSchool",29,27
"Failure","ENTJ","ISTJ","HighSchool","HighSchool",28,25
"Success","ENFP","ISTP","College","College",34,32
"Failure","ISTJ","ENTJ","HighSchool","College",39,38
"Success","ESFP","ESTP","College","College",38,35
"Success","INTJ","ENFP","HighSchool","College",35,32
"Success","ISFP","ESFP","HighSchool","HighSchool",38,35
"Failure","ENFP","INFP","College","HighSchool",32,29
"Failure","ESFP","ENTJ","HighSchool","HighSchool",35,31
"Failure","ISFP","ESTP","College","HighSchool",31,28
"Failure","ISTP","ISTP","HighSchool","College",36,32
"Success","ENFP","INFJ","College","College",37,33
"Failure","ESTP","ENFJ","College","College",32,28
"Success","ENFJ","INTJ","HighSchool","HighSchool",33,31
"Failure","ISTP","ISTJ","HighSchool","College",38,35
"Success","INTJ","ISFJ","College","College",34,32
"Success","ISFJ","INTP","HighSchool","College",26,21
"Success","ENFJ","ESTJ","College","College",37,33
"Failure","ISFJ","ESTJ","College","HighSchool",27,24
"Success","ESTJ","ENTJ","College","College",38,36
"Success","ISTP","INFJ","College","HighSchool",29,25
"Failure","ENTP","ISTP","HighSchool","College",30,26
"Failure","ENTP","INFJ","College","College",32,29
"Failure","ESTP","ENFP","College","HighSchool",25,23
"Success","INTJ","ISTP","HighSchool","HighSchool",32,30
"Failure","INTJ","ISTJ","HighSchool","College",26,22
"Success","ISTJ","ESFP","HighSchool","College",30,26
"Failure","ISTJ","ESFP","College","College",39,34
"Success","ENFJ","ESFP","HighSchool","HighSchool",32,30
"Success","ESTP","ENTJ","College","College",31,27
"Failure","ISFP","ESTJ","HighSchool","HighSchool",29,27
"Success","ESFP","ESFJ","HighSchool","HighSchool",37,35
"Success","ENFJ","ENTP","HighSchool","HighSchool",35,31
"Success","ENFJ","ISTP","HighSchool","HighSchool",27,24
"Failure","INTP","INFJ","HighSchool","College",37,33
"Success","ISFJ","ESFP","College","College",35,31
"Success","ENFJ","INFJ","HighSchool","HighSchool",33,30
"Failure","ENFJ","ENFP","HighSchool","College",32,29
"Failure","INTP","INTP","College","HighSchool",32,29
"Failure","ENFJ","ISTJ","HighSchool","HighSchool",34,30
"Failure","ISTJ","INFP","HighSchool","HighSchool",31,27
"Success","ISFJ","ISTJ","College","College",32,30
"Failure","ESFJ","ESFJ","HighSchool","College",31,29
"Success","ENFP","INFP","College","College",40,37
"Success","ISTJ","ESTP","HighSchool","HighSchool",26,25
"Failure","ENFJ","ISTP","HighSchool","HighSchool",36,35
"Failure","ESFJ","ESTJ","College","HighSchool",35,31
"Success","ESFP","ISTP","College","College",26,23
"Success","ENFJ","ENFJ","College","College",32,29
"Failure","ENFJ","ENTJ","College","HighSchool",39,38
"Success","ISFP","ESFJ","College","College",40,38
"Success","INFJ","ENFP","HighSchool","HighSchool",37,35
"Failure","ENTP","ENTJ","HighSchool","College",33,30
"Failure","ESTP","ESTP","College","HighSchool",26,22
"Failure","ENFJ","ESFP","College","HighSchool",29,26
"Failure","INTP","ESTP","College","HighSchool",40,37
"Failure","ESFP","ISFJ","College","HighSchool",37,34
"Success","ISTJ","ENFP","HighSchool","College",29,26
"Failure","ISTJ","ISFP","HighSchool","College",35,32
"Success","ESFP","ENFP","College","College",40,39
"Success","ESTJ","ENTJ","College","College",37,34
"Failure","ENFP","ESTJ","HighSchool","HighSchool",30,29
"Failure","INTP","ESFP","HighSchool","HighSchool",26,25
"Failure","ENTJ","ENFP","HighSchool","College",26,23
"Success","ISTJ","ISTJ","HighSchool","HighSchool",37,33
"Success","ENTJ","INFP","College","HighSchool",33,29
"Failure","ESFP","ESTJ","College","HighSchool",32,30
"Failure","ISFJ","ISFP","HighSchool","College",31,29
"Success","INFP","ESFP","HighSchool","HighSchool",37,35
"Success","ISTP","ESFP","HighSchool","College",40,36
"Failure","INTJ","ESTP","HighSchool","HighSchool",40,37
"Failure","ISFP","ESTJ","HighSchool","HighSchool",32,28
"Failure","ESFJ","ENTJ","HighSchool","College",36,31
"Success","INTJ","ENFP","College","HighSchool",36,34
"Success","ISFP","INTJ","HighSchool","College",28,22
"Failure","ISTJ","ESTP","HighSchool","College",29,25
"Success","INTJ","ISFP","College","HighSchool",33,31
"Failure","ENFJ","ESFJ","HighSchool","HighSchool",40,39
"Success","ISTP","ENFP","HighSchool","College",32,30
"Failure","ISFJ","ESFJ","College","HighSchool",40,37
"Success","ENTJ","ENFP","HighSchool","HighSchool",37,32
"Failure","ISTP","ENTP","College","HighSchool",28,26
"Failure","INFJ","ISFP","College","HighSchool",28,25
"Success","ISTJ","ENTJ","HighSchool","College",38,35
"Success","ISTJ","ISTP","HighSchool","HighSchool",31,28
"Success","ESFJ","ENTP","College","HighSchool",38,33
"Success","ESTP","ENFJ","College","HighSchool",34,29
"Failure","ENTP","INFJ","College","College",29,28
"Failure","ESTJ","ESTJ","HighSchool","College",29,26
"Success","ISTJ","INTP","HighSchool","HighSchool",37,35
"Success","ENFP","ESFP","College","College",31,28
"Success","INFP","ENFJ","College","College",28,24
"Success","INFP","ISTP","HighSchool","HighSchool",35,32
"Success","ESTP","ISFJ","College","HighSchool",32,31
"Failure","INTJ","ENFJ","HighSchool","College",25,23
"Success","INTJ","ENTP","College","College",32,30
"Success","ESTP","ISTJ","HighSchool","HighSchool",39,37
"Success","ENTP","ESFP","College","College",28,25
"Failure","INTP","INTP","College","HighSchool",31,26
"Failure","ENTJ","ISFP","College","College",29,27
"Success","ESFJ","ISFJ","College","College",31,29
"Success","ESTJ","ISFP","College","HighSchool",39,38
"Success","INTJ","ISTJ","HighSchool","HighSchool",31,26
"Failure","ENTP","ENFJ","College","College",34,30
"Success","ENTP","INFP","HighSchool","HighSchool",33,29
"Failure","ISTP","INTJ","College","HighSchool",26,24
"Failure","ISTP","INFJ","College","College",37,32
"Success","ENTJ","INTJ","College","College",25,23
"Success","INTJ","ESTP","HighSchool","College",29,26
"Success","INTP","ISFP","College","College",31,28
"Success","ENTP","ISFJ","College","HighSchool",39,36
"Success","INFP","INTP","HighSchool","HighSchool",33,30
"Failure","ENTJ","INTP","HighSchool","College",27,25
"Failure","INFJ","ISFP","HighSchool","College",38,34
"Failure","ISFP","ESFJ","HighSchool","College",39,36
"Failure","ENTP","ESTJ","HighSchool","College",25,23
"Failure","ISFJ","ISTJ","College","HighSchool",32,30
"Success","ENFJ","INTP","College","HighSchool",30,27
"Success","ESTJ","INFP","College","HighSchool",39,37
"Success","INTP","INFJ","HighSchool","HighSchool",28,24
"Success","ISTP","ISTJ","College","College",39,39
"Success","ISFP","ENFP","HighSchool","HighSchool",27,25
"Success","ESTP","INTP","College","College",34,31
"Failure","ESFP","ISFJ","College","HighSchool",29,24
"Success","ESFJ","ISTJ","HighSchool","HighSchool",38,37
"Success","ENTP","INTP","HighSchool","HighSchool",34,33
"Success","INTJ","INTP","HighSchool","HighSchool",31,27
"Success","ENTJ","ISFJ","College","HighSchool",26,21
"Success","INFJ","INTP","College","College",36,33
"Success","ISTJ","ISFJ","HighSchool","HighSchool",39,36
"Success","INFJ","ISTP","HighSchool","HighSchool",31,25
"Failure","ENTJ","ENTJ","College","HighSchool",40,37
"Success","ENTP","INFJ","HighSchool","College",26,24
"Success","ENTJ","ISTP","HighSchool","College",38,35
"Failure","INFP","ESTJ","College","College",35,32
"Failure","ENTJ","ESTP","College","HighSchool",38,35
"Success","ENFJ","ENFP","College","College",28,21
"Failure","ESTJ","ENTP","College","HighSchool",35,31
"Failure","ENTJ","INTP","College","HighSchool",33,30
"Success","ESTP","ENFJ","College","HighSchool",37,32
"Failure","ISFP","ESFP","College","HighSchool",28,24
"Failure","ENFP","ESFP","College","HighSchool",28,25
"Success","ENTJ","INTJ","HighSchool","HighSchool",40,37
"Success","ENFP","ENTP","HighSchool","HighSchool",32,28
"Failure","ISTP","ESTP","College","HighSchool",28,25
"Success","ISTJ","ISTJ","HighSchool","HighSchool",28,24
"Success","ISFJ","ESFJ","HighSchool","HighSchool",32,30
"Failure","ISFJ","ESFP","College","HighSchool",29,27
"Failure","ISFP","ISFJ","HighSchool","College",32,30
"Failure","ESTP","ENTJ","College","HighSchool",37,34
"Success","ESFP","ISTJ","College","HighSchool",33,31
"Success","INTJ","ISFJ","College","College",33,30
"Success","ENFJ","ISTJ","College","HighSchool",39,37
"Failure","ENFP","ISTP","College","College",39,38
"Failure","ENTP","INFP","HighSchool","College",31,28
"Failure","ISTP","ENFP","College","College",36,33
"Failure","ENFJ","INTP","HighSchool","HighSchool",27,24
"Failure","INFJ","ESTP","College","College",25,22
"Success","ENTP","ISFP","HighSchool","College",36,32
"Failure","ESTJ","ENTJ","College","HighSchool",40,39
"Success","ENFP","ESFP","HighSchool","HighSchool",39,37
"Success","ENTP","ENTJ","HighSchool","HighSchool",33,30
"Failure","ISTJ","ISFJ","College","HighSchool",25,22
"Failure","ENFP","ESTP","College","HighSchool",33,29
"Failure","INTP","INTP","College","HighSchool",40,39
"Success","ISFJ","ISTP","College","College",31,28
"Success","ESFJ","ENTJ","HighSchool","HighSchool",33,30
"Failure","ENTP","ISFJ","College","College",38,32
"Success","ENTP","ENTP","HighSchool","HighSchool",31,28
"Failure","ESTP","ENTJ","College","HighSchool",34,32
"Success","INFP","INTJ","College","College",25,19
"Success","INFJ","INFP","College","College",39,37
"Success","ENTP","ESFJ","College","HighSchool",30,28
"Success","ENTP","INTP","HighSchool","HighSchool",29,25
"Success","ISTJ","ISFJ","College","College",26,23
"Failure","ESTP","INFP","HighSchool","HighSchool",33,29
"Success","ESFJ","ENFP","HighSchool","HighSchool",36,33
"Failure","ISTP","INTP","College","HighSchool",39,37
"Failure","ENFP","INTJ","College","College",27,22
"Failure","ISTJ","ISFP","HighSchool","College",38,37
"Success","ISTJ","ESTJ","HighSchool","HighSchool",39,36
"Failure","ISTP","ENTJ","College","College",28,26
"Success","ENTJ","ESFP","College","HighSchool",32,27
"Success","ISTP","ENTJ","HighSchool","College",35,32
"Success","ENTP","ISFJ","College","HighSchool",39,34
"Success","ISFJ","INFP","HighSchool","HighSchool",37,34
"Failure","ENFJ","ESTP","HighSchool","HighSchool",38,36
"Failure","ENTJ","ENFJ","HighSchool","College",35,31
"Success","ISFJ","ISFJ","HighSchool","HighSchool",27,23
"Success","ESFP","INFJ","HighSchool","College",32,27
"Success","ISFP","INFJ","HighSchool","HighSchool",30,27
"Success","ISFJ","INTP","College","HighSchool",33,28
"Failure","ISTP","ESFP","HighSchool","College",33,31
"Failure","ESTP","ESFJ","HighSchool","College",33,30
"Failure","ESTP","ISFP","College","HighSchool",28,25
"Failure","INTP","ISFP","College","HighSchool",40,39
"Failure","ENTP","ISTJ","College","College",35,31
"Failure","ENFJ","ENTP","College","HighSchool",34,32
"Success","ENTP","INTJ","College","College",29,27
"Failure","ISFJ","ISFP","HighSchool","College",40,37
"Failure","ESTJ","ESFP","College","HighSchool",32,29
"Failure","ESFP","ISFP","HighSchool","College",26,25
"Failure","ENTP","ENFP","College","HighSchool",28,23
"Success","INFP","ENFP","College","College",36,33
"Success","INTJ","ENFJ","College","College",37,33
"Success","ENFP","ISFJ","College","HighSchool",30,28
"Success","ENTJ","ISFJ","HighSchool","College",37,34
"Success","INTP","INFJ","College","College",29,25
"Success","INTP","ISFP","College","College",27,22
"Failure","INTJ","ENTJ","HighSchool","College",39,35
"Failure","INFJ","ISFP","HighSchool","College",33,28
"Success","ISFP","INFJ","College","College",32,31
"Failure","ISTJ","INFP","HighSchool","HighSchool",30,26
"Failure","INFJ","ESFJ","HighSchool","College",35,31
"Success","ENFP","ENFP","HighSchool","HighSchool",25,21
"Success","ESTP","ENTJ","College","College",29,26
"Success","ENFP","ENFP","HighSchool","College",31,29
"Success","ESFJ","ESFP","College","College",36,33
"Failure","ESTP","INTJ","College","College",30,28
"Failure","ENFJ","INFJ","College","HighSchool",29,24
"Success","INFJ","INTP","HighSchool","HighSchool",33,30
"Failure","ENTP","ESFP","College","HighSchool",30,27
"Failure","ISFJ","ISFJ","HighSchool","College",36,33
"Success","INTP","ENTJ","College","College",25,23
"Success","ESTP","ISFP","HighSchool","HighSchool",32,28
"Failure","INTJ","ENTP","HighSchool","College",35,31
"Failure","ESTJ","INTP","HighSchool","HighSchool",28,25
"Success","ESFJ","ESTP","HighSchool","HighSchool",30,27
"Failure","ENTP","ESFP","HighSchool","College",39,36
"Success","ESFJ","ISFJ","College","College",31,28
"Success","ISFJ","ENTJ","College","HighSchool",33,31
"Failure","ESFJ","ESTP","College","HighSchool",31,27
"Success","ENFJ","ESFJ","College","College",39,35
"Failure","INFP","INFP","College","HighSchool",37,34
"Failure","ESTJ","ISTP","HighSchool","College",38,35
"Success","ENTP","ISFP","College","HighSchool",31,29
"Failure","ESFP","ISFP","College","HighSchool",36,33
"Success","INFJ","ISTJ","HighSchool","HighSchool",31,28
"Success","ENTP","ESFP","HighSchool","HighSchool",37,35
"Failure","ISFP","ENFJ","College","College",39,37
"Success","ENFP","INTJ","HighSchool","College",36,34
"Success","INTP","ESTP","College","College",35,33
"Success","ESFJ","ENFP","College","College",28,25
"Failure","ESTP","ENTP","College","HighSchool",35,33
"Failure","ISTP","ESFP","HighSchool","College",26,23
"Failure","INFP","ISFJ","College","HighSchool",27,24
"Success","ISFP","ISTP","College","College",37,32
"Failure","ENTJ","INFP","HighSchool","HighSchool",34,31
"Failure","ISFJ","INFP","HighSchool","HighSchool",30,27
"Failure","ESTP","ISFP","College","HighSchool",32,31
"Failure","INTJ","ENTJ","HighSchool","College",39,38
"Success","INTP","ISFJ","College","HighSchool",38,35
"Success","ISTP","ESTP","College","College",40,39
"Failure","ESTJ","ISTJ","College","HighSchool",34,31
"Success","INFJ","ISTP","HighSchool","College",30,26
"Failure","ISTJ","ESTP","College","HighSchool",39,35
"Failure","ISTP","ISTP","HighSchool","College",29,26
"Success","ENTJ","ISTP","College","HighSchool",35,32
"Success","ISTP","ISFJ","HighSchool","HighSchool",34,31
"Failure","ISFP","ESFP","HighSchool","College",30,28
"Success","ISTP","ISFJ","HighSchool","HighSchool",34,31
"Failure","ESTJ","ISFJ","College","HighSchool",40,39
"Success","ISFP","ISFJ","HighSchool","College",37,34
"Success","INFP","ISFP","HighSchool","HighSchool",27,25
"Success","INFP","INTP","HighSchool","HighSchool",32,31
"Failure","INTJ","ISFJ","HighSchool","College",39,35
"Success","ESTJ","ENFJ","College","College",37,35
"Success","ENTJ","ENTJ","College","College",28,26
"Failure","ESFP","INTJ","College","College",29,24
"Success","ISFJ","INTJ","HighSchool","College",26,23
"Success","ISTP","INFJ","HighSchool","College",37,34
"Success","ENFJ","ENTP","College","College",37,34
"Failure","ESFJ","ESFP","College","HighSchool",32,28
"Failure","ENTJ","ENFJ","College","HighSchool",36,33
"Success","ENTP","INTP","HighSchool","HighSchool",34,31
"Success","ENFP","ENTP","HighSchool","HighSchool",36,33
"Success","INFP","ENFJ","College","College",35,30
"Failure","INFJ","INFJ","HighSchool","College",31,25
"Failure","ESTJ","ESTJ","College","HighSchool",35,33
"Success","ENTP","ENTP","College","College",34,30
"Success","INTP","ENTJ","HighSchool","HighSchool",39,36
"Success","ISTJ","INFP","HighSchool","HighSchool",25,21
"Failure","ESTP","ENFP","HighSchool","College",33,29
"Success","ENTP","ESTJ","HighSchool","HighSchool",25,22
"Failure","ENFJ","ENFJ","HighSchool","College",39,37
"Failure","INTP","ENTJ","College","HighSchool",36,35
"Failure","ENTP","ENFJ","College","HighSchool",34,32
"Failure","INFP","INTP","College","HighSchool",26,21
"Success","ISFP","ISFJ","HighSchool","HighSchool",39,34
"Success","ESFP","ESFJ","HighSchool","HighSchool",36,32
"Failure","ISTP","ISFP","HighSchool","College",25,22
"Failure","ENTJ","ESTP","College","HighSchool",39,35
"Failure","ENFJ","ISTJ","HighSchool","HighSchool",29,25
"Failure","ESTJ","ESTP","HighSchool","College",37,34
"Failure","ISTP","ESFP","HighSchool","College",30,27
"Failure","ENFP","ESFJ","College","HighSchool",27,24
"Failure","ENTJ","ISTJ","HighSchool","College",36,33
"Failure","INTP","INTP","College","HighSchool",39,35
"Failure","ENFP","ISTP","HighSchool","HighSchool",28,25
"Failure","INFJ","INFP","HighSchool","College",29,28
"Success","ESFJ","ESTP","HighSchool","HighSchool",32,27
"Success","ISTJ","ISTJ","HighSchool","HighSchool",31,31
"Failure","ESTP","ENTJ","College","HighSchool",36,32
"Success","ENFJ","ESFP","College","College",30,26
"Failure","INFP","INFJ","HighSchool","College",32,30
"Failure","ESFJ","ISFJ","HighSchool","College",37,33
"Success","ENFP","ESTJ","HighSchool","College",30,27
"Success","ISFJ","ESFP","HighSchool","HighSchool",37,32
"Failure","ESTP","ENFJ","College","College",35,32
"Failure","INTP","ENFP","College","HighSchool",33,28
"Failure","INFP","ENTP","College","HighSchool",31,28
"Success","ESTP","INFP","College","HighSchool",38,34
"Success","ESTP","ISFJ","HighSchool","College",33,31
"Success","ISTJ","ESTJ","College","College",35,33
"Failure","ENFP","INFP","College","HighSchool",35,33
"Failure","ENFP","ISTJ","College","College",33,30
"Failure","ESFJ","INFJ","College","HighSchool",36,34
"Success","ESTP","ENTJ","College","HighSchool",35,33
"Success","ISFP","ISFP","HighSchool","HighSchool",40,36
"Failure","ESTJ","ENTJ","College","HighSchool",30,27
"Success","ESFP","INTP","College","HighSchool",36,31
"Failure","ESTJ","ISTP","College","HighSchool",31,28
"Success","ESTP","INFP","College","HighSchool",39,35
"Failure","ESFJ","ESFJ","College","HighSchool",38,36
"Failure","ISTJ","ESFP","HighSchool","HighSchool",40,39
"Success","INTJ","ENTP","College","College",29,23
"Failure","ESFP","ENTJ","HighSchool","HighSchool",28,24
"Failure","ISTJ","ENFP","HighSchool","HighSchool",33,30
"Success","INTJ","ENFP","College","College",30,26
"Success","INTJ","INTP","HighSchool","HighSchool",27,26
"Failure","INFP","ISTP","College","HighSchool",28,24
"Success","ISFJ","ISFJ","College","College",31,27
"Success","INFP","ENFJ","College","College",36,34
"Success","INFP","INFP","College","College",36,35
"Failure","ESTJ","ENFJ","College","HighSchool",33,30
"Success","ENTJ","INFP","College","HighSchool",28,25
"Failure","ENTJ","ISTJ","College","HighSchool",34,31
"Failure","ESFP","ISTJ","College","College",28,23
"Success","INFJ","ISTJ","HighSchool","HighSchool",36,34
"Failure","INTJ","ENTJ","HighSchool","HighSchool",30,27
"Failure","INFJ","ISFP","HighSchool","College",37,34
"Failure","ESTP","ISFJ","College","College",39,37
"Success","INTP","INTP","HighSchool","HighSchool",26,22
"Success","ESFJ","INFP","College","HighSchool",34,32
"Failure","ENTP","ENTP","College","HighSchool",28,26
"Failure","ENFJ","ISTJ","College","College",30,28
"Success","ENTP","ESTP","HighSchool","HighSchool",26,22
"Success","INTJ","ENFP","College","HighSchool",40,37
"Failure","INTJ","ENTJ","College","HighSchool",37,32
"Failure","INTP","INTP","HighSchool","College",26,23
"Success","INTJ","ENFJ","College","College",27,23
"Failure","ENTJ","ENTP","HighSchool","College",34,31
"Failure","ISFP","INTJ","College","College",33,29
"Failure","ESTP","INTJ","HighSchool","HighSchool",39,34
"Success","ESTP","ENTP","HighSchool","HighSchool",32,28
"Failure","ISFJ","INFJ","College","HighSchool",40,36
"Failure","ESFJ","ISTJ","College","HighSchool",36,35
"Failure","INFJ","ESTJ","HighSchool","HighSchool",28,23
"Failure","ESFJ","ENFJ","HighSchool","College",38,36
"Failure","ENFP","INTP","College","HighSchool",30,27
"Success","ISTP","ESFJ","HighSchool","College",33,29
"Failure","INTP","INTP","HighSchool","College",31,29
"Failure","INTP","INTP","College","HighSchool",28,27
"Failure","INFJ","ESFJ","College","HighSchool",30,26
"Failure","ENTP","ENFP","HighSchool","College",31,29
"Success","INTP","ENTJ","HighSchool","HighSchool",30,26
"Failure","ENFP","ISTP","HighSchool","HighSchool",29,26
"Success","INTJ","ENFP","HighSchool","College",33,30
"Success","ISFJ","ENFP","HighSchool","HighSchool",31,29
"Success","ISTJ","ISTJ","HighSchool","HighSchool",26,21
"Failure","INFP","INFJ","HighSchool","HighSchool",34,32
"Failure","ENTP","ESTP","HighSchool","College",30,25
"Failure","ISTP","INTJ","College","HighSchool",27,24
"Success","ENTJ","INFJ","College","HighSchool",36,33
"Failure","INTP","INTJ","College","College",27,24
"Success","ISFJ","ISTP","HighSchool","College",32,29
"Failure","ENFJ","ISFJ","College","HighSchool",35,31
"Failure","ESTJ","ENFJ","HighSchool","College",26,23
"Failure","INFJ","INTP","HighSchool","College",32,29
"Failure","ISFP","INTJ","HighSchool","HighSchool",26,22
"Failure","INTP","ESTP","College","HighSchool",30,27
"Success","ENTP","INFP","College","College",34,32
"Failure","ENFJ","INFP","HighSchool","College",35,32
"Success","ISFP","ISTJ","HighSchool","HighSchool",31,28
"Success","ESTJ","INFP","HighSchool","College",27,26
"Success","ESFP","ENFJ","College","College",26,23
"Failure","ISTJ","ENFJ","College","College",35,33
"Failure","ESFJ","INTJ","HighSchool","HighSchool",29,27
"Failure","INTJ","INFP","HighSchool","College",27,25
"Failure","ENFP","ESFJ","HighSchool","College",40,36
"Success","ESFP","ESFP","HighSchool","HighSchool",30,28
"Failure","ENTP","ISTJ","College","College",31,31
"Success","INTJ","INFP","College","College",30,26
"Success","ISFP","INFJ","HighSchool","HighSchool",31,27
"Failure","ENFP","INTJ","College","College",30,28
"Success","INFP","ESFJ","HighSchool","College",36,32
"Failure","ENTJ","INTP","College","HighSchool",27,24
"Success","ENTP","INTP","HighSchool","HighSchool",30,26
"Failure","INFP","ESTJ","College","College",36,33
"Failure","ENFJ","ESFJ","HighSchool","College",39,37
"Success","INTP","ISFJ","HighSchool","College",32,29
"Failure","ESFJ","ESTP","HighSchool","College",25,21
"Failure","ISTJ","INTP","HighSchool","College",34,31
"Success","ESTP","ISTJ","College","College",38,34
"Failure","ISFJ","ENFP","College","HighSchool",35,34
"Failure","ESFP","ISFP","HighSchool","College",36,33
"Failure","ESTJ","ESFP","College","HighSchool",27,23
"Success","ESFP","ENTP","HighSchool","HighSchool",27,24
"Success","INFP","ISTJ","College","HighSchool",30,28
"Success","ISTP","ESFJ","HighSchool","College",28,24
"Failure","ISTP","ENFJ","College","College",27,25
"Success","INTP","ENFP","College","HighSchool",29,24
"Failure","ISFJ","INTP","College","College",39,35
"Success","ESFJ","INTP","HighSchool","College",32,30
"Failure","ESTP","ISTP","HighSchool","College",38,35
"Failure","INFP","ESTJ","College","College",31,28
"Failure","ISTJ","ENTJ","HighSchool","College",39,36
"Success","ENFP","INFJ","HighSchool","HighSchool",30,26
"Failure","ISFJ","INFP","College","HighSchool",28,26
"Success","ISTP","INFJ","HighSchool","College",36,34
"Failure","ENTJ","INTJ","College","HighSchool",29,25
"Failure","ISTJ","ESTP","HighSchool","College",38,35
"Success","INTP","INFJ","College","College",33,29
"Failure","INTJ","ISFP","HighSchool","HighSchool",33,31
"Failure","INTJ","ISTP","HighSchool","College",25,21
"Failure","ESFJ","ENFP","College","HighSchool",38,34
"Success","ESFP","INTJ","HighSchool","College",35,34
"Failure","ESTJ","INFJ","HighSchool","HighSchool",36,33
"Success","INTP","ISTP","HighSchool","HighSchool",29,28
"Success","ESTP","ESFJ","HighSchool","HighSchool",27,21
"Success","ISTP","ESTJ","HighSchool","College",27,24
"Success","ESFP","ENFJ","HighSchool","HighSchool",29,27
"Success","ESFP","ENTJ","HighSchool","HighSchool",38,37
"Success","ESFJ","ENFJ","HighSchool","HighSchool",27,23
"Success","INTP","INTJ","HighSchool","HighSchool",25,23
"Failure","INTJ","ENFP","College","College",28,27
"Success","ISFJ","INFP","College","College",39,36
"Success","ENFP","ENTP","College","College",36,32
"Success","ENTJ","ISTP","HighSchool","College",25,23
"Failure","INTP","ENFP","HighSchool","College",39,35
"Failure","ESTP","ISFP","College","HighSchool",32,31
"Success","ENTJ","ENTP","College","College",26,24
"Success","ISFP","ISTP","HighSchool","HighSchool",30,26
"Failure","INTP","ENTP","College","HighSchool",28,23
"Failure","ENTJ","ISTJ","HighSchool","College",29,26
"Failure","ISFJ","ISFP","College","College",31,29
"Failure","ISFJ","INFP","College","HighSchool",28,23
"Success","ESTP","ISTJ","HighSchool","HighSchool",37,34
"Failure","INFJ","ESFJ","HighSchool","College",34,32
"Failure","INFJ","ISTP","HighSchool","HighSchool",30,28
"Failure","ISFJ","ENTJ","HighSchool","HighSchool",29,28
"Failure","ESFJ","ISFP","HighSchool","College",40,40
"Success","ESTJ","ESTP","HighSchool","HighSchool",36,33
"Failure","INFJ","ISFP","College","HighSchool",32,29
"Failure","INTP","ENFP","College","HighSchool",39,37
"Success","ENFP","INFP","HighSchool","HighSchool",28,24
"Success","ESTP","ISFP","College","College",33,29
"Failure","INFP","ENTJ","College","College",39,38
"Failure","ISTP","INFJ","College","College",32,30
"Success","ESTP","ESFP","College","College",33,31
"Success","ENFJ","INTJ","HighSchool","HighSchool",32,31
"Success","ISTJ","ENFP","HighSchool","College",26,22
"Success","ENFJ","ISTP","HighSchool","College",26,21
"Success","ENTP","ISTP","College","College",27,24
"Failure","ENTP","ESFP","College","HighSchool",28,26
"Success","INFJ","ENTP","HighSchool","College",27,25
"Failure","ISFJ","ISFJ","College","HighSchool",37,33
"Success","ENTP","ENFP","HighSchool","HighSchool",35,34
"Failure","ENTJ","INFP","HighSchool","HighSchool",37,34
"Failure","ESFP","ISFJ","HighSchool","College",29,26
"Success","ENFJ","INFJ","HighSchool","HighSchool",37,33
"Success","ENFJ","ENFP","College","College",32,30
"Failure","ISFP","ESTP","College","HighSchool",34,32
"Success","ESFP","INFJ","College","College",34,31
"Success","INFP","ENTJ","HighSchool","College",31,31
"Success","INFP","ENFP","HighSchool","HighSchool",33,30
"Failure","INTJ","ISTJ","HighSchool","College",34,33
"Failure","ISTP","INFJ","College","College",27,26
"Failure","ESTP","ISFP","College","HighSchool",30,24
"Success","ENTP","ENTJ","HighSchool","HighSchool",40,37
"Success","ISTJ","INTP","HighSchool","HighSchool",33,30
"Success","ISTP","ESTJ","College","College",29,26
"Success","ESFJ","INFJ","HighSchool","HighSchool",39,36
"Success","ESTJ","ISFJ","HighSchool","HighSchool",31,27
"Success","ESFJ","ENTP","HighSchool","College",28,25
"Failure","ENTP","ISTP","HighSchool","College",25,23
"Failure","ESFP","ESTP","College","HighSchool",39,37
"Failure","ESTP","INTJ","HighSchool","HighSchool",38,38
"Failure","ISFJ","ESTJ","HighSchool","College",33,30
"Success","ENTJ","INTP","College","College",32,30
"Success","INFP","ISFP","College","College",29,28
"Success","ISTP","ENTJ","College","HighSchool",31,28
"Failure","ENTJ","INFJ","College","HighSchool",38,34
"Failure","ESTP","INFJ","College","College",33,31
"Success","ISFJ","ESFJ","College","College",40,38
"Failure","ISTP","ESTJ","HighSchool","College",36,32
"Failure","ESFJ","ESFP","HighSchool","College",25,20
"Success","INFJ","INTP","HighSchool","HighSchool",26,25
"Failure","INFJ","ENTJ","HighSchool","College",30,28
"Success","ISTJ","INFP","College","HighSchool",36,32
"Success","INFJ","ENFP","HighSchool","HighSchool",25,23
"Failure","ESFJ","INFJ","HighSchool","College",27,24
"Failure","INFP","ISTJ","HighSchool","HighSchool",39,39
"Failure","ENFJ","INFP","College","HighSchool",36,33
"Failure","INFP","ESTP","College","College",34,30
"Success","ISTJ","ESFP","HighSchool","College",36,35
"Success","ESFP","ISFP","HighSchool","HighSchool",31,28
"Success","ENFJ","INTP","HighSchool","College",40,41
"Success","ISFP","ENTJ","College","HighSchool",30,28
"Success","ENTP","ISTP","College","College",30,27
"Failure","INFP","ISTJ","College","College",25,23
"Success","INTP","ENFJ","College","HighSchool",31,27
"Success","INFP","ISFP","HighSchool","HighSchool",32,30
"Success","ENTP","ISTJ","HighSchool","College",36,33
"Success","ESFJ","ESFJ","HighSchool","HighSchool",33,29
"Failure","ESTJ","ESFP","HighSchool","College",26,23
"Success","ISTJ","ISFJ","HighSchool","HighSchool",37,33
"Success","ISFJ","INTP","HighSchool","College",39,36
"Failure","ESFJ","INTP","HighSchool","HighSchool",29,27
"Failure","INFJ","ESTP","HighSchool","HighSchool",30,25
"Success","ESTP","ISTJ","HighSchool","HighSchool",39,37
"Success","ISFJ","INFJ","HighSchool","HighSchool",33,28
"Failure","ISFJ","ESTP","College","College",26,23
"Failure","ENTP","ISTJ","College","College",36,32
"Success","ENFP","ISTJ","HighSchool","College",28,26
"Failure","ESFP","ESTP","College","HighSchool",29,25
"Success","INFJ","ENTP","HighSchool","College",38,36
"Failure","INFP","ENFP","HighSchool","College",39,36
"Success","ESFJ","ENFJ","HighSchool","HighSchool",28,26
"Success","ISTJ","ISTP","HighSchool","HighSchool",33,30
"Failure","ENTJ","ISFP","College","College",34,31
"Success","ESFP","ENFP","HighSchool","HighSchool",36,36
"Success","ESFP","ISTP","HighSchool","HighSchool",28,25
"Success","INFJ","ISFJ","College","College",26,24
"Success","ESFJ","ENTJ","College","College",33,30
"Failure","ESTP","ESTJ","HighSchool","HighSchool",33,30
"Failure","ESFJ","INFJ","HighSchool","College",36,35
"Success","INTJ","ESFP","College","HighSchool",27,23
"Failure","ISTP","ENFJ","HighSchool","HighSchool",33,32
"Failure","ENTP","ISFJ","College","College",33,28
"Success","INTJ","INTJ","HighSchool","HighSchool",34,33
"Success","ENTP","ISFJ","HighSchool","HighSchool",31,30
"Success","INTP","ISFJ","College","HighSchool",28,25
"Success","INTP","ISFP","College","College",38,35
"Success","ENTP","ENTJ","College","College",37,34
"Success","ISTP","ESTJ","College","College",37,35
"Success","INTJ","ESFJ","HighSchool","College",28,26
"Success","INTJ","ENTJ","College","College",36,34
"Success","ISTP","ISFP","College","College",39,36
"Success","ESFJ","INTP","HighSchool","College",35,35
"Failure","ENTP","INTP","HighSchool","College",31,27
"Success","INTJ","ESFP","HighSchool","College",38,35
"Failure","INTP","INTP","HighSchool","College",30,27
"Failure","ENFJ","ENTP","HighSchool","College",34,31
"Success","ISFJ","ISTP","College","College",39,34
"Failure","INFP","ENTJ","College","College",39,34
"Failure","INFJ","ENFJ","College","HighSchool",29,27
"Success","ESFP","ESTJ","College","College",38,35
"Success","ENTJ","ISTJ","College","College",30,25
"Failure","ESFJ","INFJ","HighSchool","College",34,28
"Failure","ISTJ","INTJ","College","HighSchool",29,28
"Success","ENFJ","ISTP","College","HighSchool",37,34
"Failure","INFJ","ISTJ","College","HighSchool",31,27
"Failure","ESFP","INTJ","College","College",36,31
"Success","ESTJ","ISFP","College","HighSchool",27,24
"Success","ESFP","ISTP","HighSchool","HighSchool",35,33
"Success","ISFP","ENTP","HighSchool","College",29,26
"Success","ENTJ","INTJ","College","College",29,24
"Failure","ESFJ","ISFJ","College","HighSchool",27,24
"Success","ESFP","ISTP","College","College",30,25
"Success","ENTJ","INFP","College","HighSchool",34,32
"Failure","INTP","INFP","College","HighSchool",31,27
"Success","ISTP","ESFP","College","College",37,34
"Success","ENTJ","ESTP","HighSchool","HighSchool",31,27
"Success","ENTJ","ISTP","HighSchool","College",35,31
"Failure","ISFJ","ESTP","HighSchool","HighSchool",39,39
"Failure","INFJ","INFP","HighSchool","College",26,25
"Success","INFP","ISTP","College","College",40,36
"Success","ENFP","ENFP","College","HighSchool",33,30
"Success","ISFJ","ENFP","College","College",31,29
"Failure","ISTJ","INFJ","HighSchool","College",37,34
"Success","ISFJ","ISFP","HighSchool","HighSchool",36,35
"Success","ENTP","ENTP","College","College",29,27
"Success","ISFP","INTJ","HighSchool","College",37,35
"Failure","INTJ","ISTJ","HighSchool","College",39,35
"Failure","ESFJ","ESTP","HighSchool","College",28,28
"Failure","ENTJ","INTP","HighSchool","HighSchool",25,23
"Failure","ENFJ","ESFJ","College","HighSchool",33,30
"Success","ESFP","ENFJ","HighSchool","HighSchool",25,23
"Failure","ESTP","ENFJ","College","College",40,39
"Failure","ISFP","ESFJ","College","HighSchool",29,24
"Failure","ESTP","ESFP","HighSchool","College",27,24
"Failure","INTP","INFP","College","HighSchool",30,25
"Failure","ESFJ","ESTJ","HighSchool","College",31,28
"Failure","ISTP","ENFJ","College","College",36,35
"Failure","ESFP","INFJ","College","HighSchool",38,36
"Success","ENFJ","ENFP","HighSchool","HighSchool",31,28
"Success","ESTP","ENTJ","HighSchool","HighSchool",33,29
"Success","ISFP","ISFP","College","College",37,34
"Failure","ESFJ","ENFP","HighSchool","College",35,31
"Failure","ISFJ","ESFP","HighSchool","College",38,34
"Failure","ISTP","INTP","College","HighSchool",39,36
"Failure","INFP","ENTJ","HighSchool","HighSchool",38,35
"Success","ENTP","INFP","College","College",27,24
"Success","ESTJ","INTP","HighSchool","College",29,27
"Failure","INFJ","ESFP","College","College",33,30
"Success","ISTP","ISTJ","College","College",28,24
"Success","ESTJ","INTJ","College","College",34,32
"Failure","INFP","INTJ","HighSchool","College",37,34
"Success","ISFP","ENFP","College","College",29,27
"Success","ENFP","ESFJ","College","College",37,36
"Success","ENFJ","ISTJ","HighSchool","College",34,31
"Success","ESTP","ENTP","HighSchool","HighSchool",33,32
"Success","ISTP","ISTP","HighSchool","HighSchool",40,37
"Success","ESFJ","ENFJ","HighSchool","HighSchool",34,30
"Success","ENTJ","ESFP","College","HighSchool",29,28
"Success","INTP","ENFP","College","College",36,33
"Success","ISTP","ESTP","HighSchool","HighSchool",37,36
"Success","INTJ","ENTJ","College","College",25,22
"Success","ESTP","ISFJ","College","College",38,35
"Failure","ESTJ","ESTP","HighSchool","College",36,34
"Failure","ESTJ","ENTJ","College","HighSchool",27,24
"Success","ISTP","ISTJ","HighSchool","College",32,26
"Success","INTJ","ENFP","HighSchool","College",38,35
"Failure","ESFP","ESFJ","HighSchool","College",27,22
"Success","ENFJ","ESTP","HighSchool","College",29,25
"Success","ISFJ","ENFJ","College","College",33,32
"Success","ESTJ","INTJ","HighSchool","HighSchool",36,32
"Success","INFJ","ENFJ","College","College",38,37
"Success","ENTP","ISTJ","HighSchool","College",32,30
"Success","ENTP","ESTJ","College","College",32,28
"Success","ESFJ","ESFP","HighSchool","HighSchool",35,31
"Success","ESTJ","ISTP","HighSchool","HighSchool",35,32
"Failure","ENFP","ESFP","College","HighSchool",26,21
"Success","INFP","ENTJ","HighSchool","College",40,36
"Failure","INFJ","ISFP","College","HighSchool",32,31
"Success","INFJ","ISFJ","HighSchool","HighSchool",26,22
"Failure","ISFP","ESFP","HighSchool","College",32,28
"Failure","ESFJ","ISTP","College","College",34,29
"Success","ENFJ","ENTJ","HighSchool","HighSchool",30,28
"Failure","ISFJ","INTJ","HighSchool","College",34,31
"Failure","ISFP","ISTP","College","HighSchool",39,34
"Failure","ESTP","ENFJ","HighSchool","HighSchool",31,29
"Success","ESTJ","INFP","College","HighSchool",34,30
"Success","INFP","ESFP","College","College",33,32
"Success","ISTP","ISFJ","HighSchool","HighSchool",38,35
"Failure","ESTJ","ENFJ","HighSchool","College",29,26
"Success","ISFJ","INFJ","HighSchool","HighSchool",34,33
"Failure","ESTP","ESFP","College","HighSchool",32,30
"Failure","ISTP","ESFP","College","HighSchool",39,37
"Failure","INTP","ESTJ","College","College",28,24
"Failure","ISTJ","ISTJ","HighSchool","College",29,27
"Failure","ISFJ","ENTJ","HighSchool","HighSchool",27,25
"Success","ISTP","ESTJ","College","College",26,25
"Failure","INFJ","ISTP","HighSchool","HighSchool",27,23
"Failure","ISTJ","ENTP","HighSchool","HighSchool",26,22
"Failure","ENFP","INTJ","HighSchool","HighSchool",25,22
"Failure","ENFP","ENFP","College","HighSchool",38,36
"Success","INFJ","ISTJ","College","College",27,25
"Failure","ENFJ","ISTP","College","College",31,28
"Success","ENTJ","ESFJ","HighSchool","HighSchool",35,31
"Success","ESFJ","INTJ","College","HighSchool",25,22
"Failure","INFJ","ENTP","HighSchool","HighSchool",33,30
"Success","INTP","ENFP","HighSchool","HighSchool",31,31
"Success","INTP","ENFP","HighSchool","HighSchool",37,33
"Failure","ESFP","ENFJ","HighSchool","College",27,26
"Success","ENTP","ENTJ","College","College",32,29
"Failure","ESTP","ISFJ","HighSchool","HighSchool",37,34
"Failure","ENFJ","ISFP","College","College",40,37
"Success","ENFJ","ESFJ","College","College",29,26
"Failure","ENFJ","ISTP","College","College",33,33
"Failure","ISTP","ENTJ","College","College",26,21
"Success","INFP","ESFJ","HighSchool","College",34,31
"Failure","ESTJ","INTP","College","College",36,33
"Success","ESFJ","ISTP","College","HighSchool",38,37
"Failure","ESFJ","ESFJ","College","HighSchool",31,31
"Success","ENTP","INFP","HighSchool","HighSchool",37,32
"Success","ISFP","ENFP","College","College",32,29
"Success","ISFP","INTJ","College","HighSchool",30,27
"Failure","ENTP","ENTP","HighSchool","College",39,37
"Success","ISFJ","ESFP","HighSchool","College",26,24
"Success","ISTP","ISFJ","College","College",36,32
"Failure","ENFJ","ISFJ","College","HighSchool",26,24
"Success","ESFJ","ENFJ","HighSchool","HighSchool",34,32
"Failure","INTJ","ESFP","College","College",27,24
"Failure","ESTJ","ENFP","HighSchool","HighSchool",28,25
"Failure","ESFP","ISFJ","College","HighSchool",33,27
"Failure","ESTP","ISFP","HighSchool","College",38,35
"Failure","ESFP","ESTJ","HighSchool","College",38,36
"Success","ESFP","ESTJ","HighSchool","HighSchool",28,24
"Success","ENTP","ISTJ","College","HighSchool",34,34
"Success","ENTJ","ESTP","HighSchool","HighSchool",38,34
"Failure","ESTJ","ISFP","College","College",32,29
"Failure","INTP","ISFP","HighSchool","College",34,30
"Failure","INTJ","ESTP","HighSchool","HighSchool",30,29
"Failure","ESTP","ISFJ","HighSchool","HighSchool",28,24
"Success","ISFJ","ENFJ","HighSchool","HighSchool",37,34
"Success","ISTJ","INTP","HighSchool","HighSchool",37,33
"Success","ESFP","ENTP","College","College",31,26
"Failure","ENFJ","ESFP","College","HighSchool",37,34
"Failure","ENTP","INFJ","College","College",35,34
"Failure","ISFP","ESTP","College","HighSchool",33,27
"Failure","ESFP","ISFP","HighSchool","College",34,30
"Failure","ESFP","ISFP","HighSchool","College",25,21
"Failure","INTJ","ESFJ","HighSchool","HighSchool",28,25
"Success","ISTJ","ISFP","HighSchool","HighSchool",31,29
"Success","ISTJ","ISFP","HighSchool","HighSchool",35,32
"Failure","ENFP","ISFP","College","HighSchool",39,36
"Success","ISFJ","ESFP","College","College",28,24
"Success","ISFJ","ISFJ","College","College",28,25
"Success","ESTP","ENTJ","College","College",38,35
"Failure","INTP","INTJ","College","HighSchool",28,26
"Success","ISTP","ENTP","HighSchool","HighSchool",34,31
"Success","ISTJ","INTJ","College","College",30,29
"Failure","ISTP","ESFP","College","College",31,27
"Failure","ESFP","INTP","College","College",27,23
"Success","ISTP","ENFP","College","HighSchool",35,31
"Failure","INFJ","INFP","College","HighSchool",28,25
"Success","ISFJ","INTP","College","HighSchool",26,26
"Success","ENFJ","INFP","College","College",38,33
"Failure","ISTP","INFP","College","HighSchool",26,23
"Success","ISFP","ISTJ","HighSchool","HighSchool",26,25
"Failure","ENFJ","ISFJ","HighSchool","College",40,37
"Failure","ISFP","ISTP","College","HighSchool",39,36
"Failure","ESFP","ESTP","HighSchool","College",38,35
"Success","INFJ","ISTJ","HighSchool","HighSchool",40,38
"Success","INTJ","ENTP","HighSchool","HighSchool",37,32
"Success","ISTJ","ENFP","College","HighSchool",28,25
"Failure","ESTP","ESFJ","College","HighSchool",28,24
"Failure","ISTP","ENFP","HighSchool","HighSchool",28,25
"Failure","INTJ","ENTJ","College","HighSchool",32,30
"Success","ENFP","INFJ","College","College",36,33
"Success","ESFJ","ISFP","HighSchool","HighSchool",26,22
"Failure","ISTJ","INFP","HighSchool","College",36,32
"Success","ISTJ","ISTP","HighSchool","HighSchool",37,36
"Success","ISTP","ESFP","HighSchool","HighSchool",31,29
"Success","INFJ","ESFP","College","HighSchool",31,30
"Success","ENTJ","INTJ","College","College",35,30
"Failure","ENTJ","ISFP","College","College",34,30
"Failure","ISFJ","ENFJ","College","HighSchool",29,25
"Failure","INTJ","ISTJ","HighSchool","College",34,31
"Success","ISTJ","INFP","HighSchool","College",26,23
"Failure","ESTJ","INFJ","HighSchool","HighSchool",33,30
"Success","ESFP","ENFJ","College","HighSchool",30,27
"Success","ISTP","INTJ","College","College",39,35
"Success","ISFP","INTJ","College","HighSchool",32,29
"Failure","ENTP","INTP","College","HighSchool",33,31
"Success","ENTJ","ISTP","College","HighSchool",28,24
"Success","ISFJ","ISTJ","College","College",39,36
"Success","ESTP","ENTP","College","College",29,24
"Success","INFP","ESFJ","College","HighSchool",34,33
"Success","INFP","ENFP","College","HighSchool",31,25
"Failure","ISTJ","ISFJ","HighSchool","College",26,24
"Failure","INFJ","ENTP","College","College",33,29
"Failure","ENFP","ENTJ","College","HighSchool",38,35
"Success","ESTP","ISTJ","College","College",37,35
"Success","ENTJ","INFP","College","HighSchool",34,27
"Success","ENTP","ESTP","College","College",35,31
"Failure","ISTJ","ENTJ","HighSchool","College",32,28
"Success","ENFP","ISFP","HighSchool","HighSchool",31,29
"Success","ENTP","ENFP","College","College",26,21
"Failure","ENTP","INFJ","College","College",39,37
"Failure","ESTP","ESFJ","College","HighSchool",31,29
"Success","ISTJ","ENTP","College","HighSchool",28,26
"Success","ISTJ","INTP","College","College",32,28
"Success","ISFJ","ENTP","College","HighSchool",27,25
"Failure","INTP","ENTJ","College","College",39,36
"Success","INTP","INFP","College","College",35,31
"Success","ISTJ","ENTJ","HighSchool","HighSchool",28,24
"Success","INFJ","ISFJ","HighSchool","HighSchool",37,34
"Failure","INTJ","ISFP","HighSchool","HighSchool",33,29
"Success","ESFP","INTJ","HighSchool","College",33,30
"Failure","ESFP","INFP","HighSchool","College",38,34
"Failure","ENTP","ISTP","College","HighSchool",36,34
"Success","ISFP","ISFJ","HighSchool","HighSchool",38,35
"Success","INFP","ENTJ","HighSchool","College",28,25
"Success","ESTP","ENFP","College","College",34,31
"Failure","ENTP","ENTP","HighSchool","College",31,27
"Failure","ENTP","ESFP","HighSchool","College",30,28
"Failure","ISTP","INFP","College","HighSchool",27,24
"Success","INFJ","ENTJ","College","College",31,27
"Success","ENTP","ENTJ","HighSchool","HighSchool",34,31
"Success","ISFJ","ISFJ","HighSchool","HighSchool",31,27
"Failure","ISTP","ENFP","College","College",30,25
"Success","ISFP","ESTJ","HighSchool","College",33,31
"Success","ESFP","ENFP","College","College",26,22
"Success","ISTP","ESTP","College","HighSchool",30,27
"Failure","ESTP","ISFP","College","HighSchool",31,29
"Failure","INFJ","ESFP","College","College",37,32
"Success","ISTP","ENTP","HighSchool","College",28,26
"Success","ESTJ","INFP","College","College",35,31
"Failure","ENTJ","ENFJ","College","HighSchool",27,25
"Failure","ISTJ","ESFP","College","College",38,34
"Success","INTJ","ESTJ","HighSchool","HighSchool",31,29
"Success","INFJ","ISFP","HighSchool","HighSchool",25,21
"Success","ISFJ","ESFP","College","College",34,32
"Failure","ENTJ","INTP","College","HighSchool",27,25
"Success","ENTP","ENFJ","College","HighSchool",32,28
"Failure","ENFP","ISTP","HighSchool","HighSchool",33,32
"Failure","INFJ","ENTJ","College","HighSchool",35,32
"Success","ESFJ","ENFP","HighSchool","HighSchool",33,32
"Failure","ISFP","ISFJ","College","HighSchool",35,30
"Failure","ESFP","INTJ","College","College",31,28
"Success","ESFJ","ENTJ","College","College",36,32
"Failure","INFJ","INTP","HighSchool","College",29,25
"Success","INTJ","ISFP","College","HighSchool",30,25
"Success","ESTJ","INFJ","HighSchool","College",28,25
"Success","ENTP","ENFJ","HighSchool","HighSchool",29,28
"Success","ESFJ","ISFJ","College","College",36,34
"Failure","ENFJ","ESTJ","College","HighSchool",36,34
"Failure","INTJ","ENFJ","College","HighSchool",36,31
"Failure","ISTJ","ESFP","HighSchool","HighSchool",30,26
"Failure","ESTJ","ESTJ","College","HighSchool",30,26
"Success","ESTP","ESTJ","HighSchool","HighSchool",26,24
"Success","INFJ","ISTJ","HighSchool","HighSchool",34,31
"Success","INTP","ESTJ","HighSchool","College",30,28
"Success","ENFP","INFJ","College","College",35,31
"Failure","ESFP","ENTJ","College","College",32,26
"Success","ENTP","ISFP","HighSchool","College",30,29
"Failure","ESFP","ESTP","HighSchool","College",30,27
"Failure","INTP","ESTP","College","HighSchool",27,23
"Failure","ENFJ","ESFP","College","HighSchool",27,24
"Success","ISFP","ENTJ","College","HighSchool",27,25
"Failure","ENTJ","ESTJ","HighSchool","College",35,31
"Failure","INTP","ENFP","College","HighSchool",39,40
"Success","INTJ","INTP","College","College",28,26
"Success","ISFJ","ESTJ","HighSchool","HighSchool",35,33
"Failure","ESFP","INTP","HighSchool","HighSchool",36,34
"Success","INTP","ENFP","College","College",28,24
"Success","ENTJ","ISFP","College","HighSchool",31,28
"Success","ESTJ","ENTP","HighSchool","HighSchool",28,25
"Success","INTJ","ESFP","HighSchool","College",27,25
"Success","ESTJ","INTP","College","HighSchool",26,23
"Success","ENTP","ESTJ","HighSchool","HighSchool",33,30
"Success","ESTJ","ENTP","College","College",32,30
"Failure","ESFJ","ESFP","HighSchool","College",27,24
"Success","ENFJ","ESTJ","College","College",31,27
"Success","INFP","ENFJ","HighSchool","HighSchool",33,31
"Success","ISTP","INTP","HighSchool","HighSchool",34,33
"Success","ENTJ","ESTJ","HighSchool","HighSchool",29,27
"Failure","INTP","ESFJ","College","College",34,27
"Failure","ENTJ","ENFP","College","HighSchool",27,24
"Failure","INFP","ENTP","College","HighSchool",37,34
"Success","ESTP","ESFJ","College","College",36,30
"Success","INTP","ESTP","College","College",32,30
"Success","ISFP","ESFP","College","College",37,34
"Failure","ENFP","ESTP","College","College",31,28
"Success","ENFP","ESFP","HighSchool","HighSchool",26,22
"Success","ISFJ","ISFP","HighSchool","HighSchool",28,25
"Success","ENFP","ENFJ","HighSchool","HighSchool",38,38
"Success","ESFP","INFP","HighSchool","HighSchool",31,31
"Failure","ENTP","ENTP","HighSchool","College",31,28
"Failure","ESFJ","INFJ","HighSchool","College",27,24
"Failure","ISTP","ESFJ","College","College",35,33
"Success","ISTP","ISFJ","HighSchool","College",38,34
"Success","INFJ","ISTP","HighSchool","College",35,31
"Success","ENTJ","ENFP","College","College",35,32
"Failure","ISTP","ESTJ","HighSchool","College",31,28
"Failure","INTJ","INFP","College","HighSchool",35,32
"Success","INTJ","ESTP","College","HighSchool",30,29
"Success","ESFP","ISFJ","College","College",37,33
"Failure","ESFP","ISFJ","College","HighSchool",35,34
"Failure","INTP","ENTJ","HighSchool","College",40,35
"Failure","ISFJ","ENTJ","College","College",31,26
"Failure","ISFJ","ESFP","HighSchool","College",30,27
"Success","ESTJ","ENTP","HighSchool","HighSchool",33,32
"Failure","INTJ","ISTP","HighSchool","College",26,25
"Success","ESFP","ENTJ","College","HighSchool",36,34
"Success","ESTJ","ESTJ","HighSchool","HighSchool",40,36
"Failure","ISTP","ESTJ","HighSchool","College",28,25
"Failure","ISTP","ESTJ","HighSchool","College",32,30
"Failure","ENFP","ENTP","HighSchool","College",34,32
"Failure","ISTJ","ENFJ","HighSchool","HighSchool",36,32
"Success","ESTJ","ISTP","HighSchool","HighSchool",35,32
"Success","ESTJ","INFJ","HighSchool","College",35,33
"Failure","ESTJ","ESTJ","College","HighSchool",38,34
"Failure","ISTJ","INFP","College","College",28,25
"Failure","ISTP","ENFJ","HighSchool","HighSchool",35,32
"Failure","ESFP","ESTJ","HighSchool","College",36,33
"Success","ENFJ","ENTJ","College","College",28,23
"Success","ESTP","ESTP","College","College",30,28
"Success","INFP","INFJ","HighSchool","HighSchool",29,26
"Failure","ISTJ","ENFP","HighSchool","HighSchool",36,31
"Failure","ISFP","INFP","HighSchool","College",26,22
"Success","ENFJ","ESFP","HighSchool","HighSchool",25,24
"Success","INFJ","ENFP","HighSchool","HighSchool",31,27
"Failure","INTP","ISTP","College","HighSchool",30,27
"Success","INTP","ESFJ","College","HighSchool",26,23
"Failure","ISFP","ENFJ","College","College",30,27
"Failure","ISTP","INFJ","HighSchool","HighSchool",28,24
"Failure","INTJ","ENTJ","College","HighSchool",32,29
"Failure","ENTJ","INFJ","HighSchool","College",32,30
"Success","INFP","ESTJ","HighSchool","College",31,28
"Success","ENFP","ESFP","College","College",28,29
"Failure","INFJ","ESTP","College","HighSchool",31,29
"Failure","ESFP","ENTJ","College","College",26,24
"Success","ESFJ","ISTP","HighSchool","College",30,28
"Success","ESFJ","ENFP","HighSchool","College",39,35
"Failure","ISTJ","INTJ","HighSchool","College",33,29
"Failure","ISTP","ENTP","HighSchool","College",36,34
"Failure","ESFP","ESFJ","College","HighSchool",27,26
"Success","ISTJ","INTP","College","College",34,30
"Success","ESFP","ISTP","College","College",33,30
"Failure","ESTP","INFJ","HighSchool","HighSchool",34,32
"Success","ISTP","ISTJ","College","College",32,27
"Success","ENFJ","ISFP","HighSchool","College",36,32
"Success","ESTJ","ISTJ","HighSchool","HighSchool",33,31
"Failure","ISFP","INTP","HighSchool","College",26,23
"Success","INFJ","INFP","College","College",29,24
"Failure","ENFP","ESTP","HighSchool","College",33,30
"Failure","ESTP","ENFP","HighSchool","College",26,23
"Success","ENTP","ENFJ","HighSchool","HighSchool",28,27
"Failure","ENFJ","ISTJ","College","College",28,27
"Success","ENFJ","INTJ","College","College",31,30
"Failure","ESTP","INTJ","College","College",39,36
